Sminex,developer,Москва,sale,flat,12,5,184.2,456790000.0,Хамовники,Фрунзенская набережная,30,Фрунзенская,Клубный город-парк 
ID 18174647,realtor,Москва,sale,flat,31,5,246.7,289745400.0,Очаково-Матвеевское,Нежинская ,1к1,Давыдково,Кутузовская Ривьера
Monumental Group,real_estate_agent,Москва,sale,flat,8,5,117.0,58500000.0,Пресненский,Большая Садовая ,3С1,Маяковская,
Главстрой,developer,Москва,sale,flat,24,5,172.5,207000000.0,Филевский парк,Береговой проезд,2,Фили,Береговой-2
Рента,real_estate_agent,Москва,sale,flat,9,5,234.8,125000000.0,Тверской,Краснопролетарская ,7,Новослободская,Ласточкино гнездо
МИЭЛЬ - Офис в Железнодорожном,real_estate_agent,Москва,sale,flat,5,5,120.8,39500000.0,Красносельский,Ананьевский переулок,4/2С1,Сухаревская,
ANT Development,developer,Москва,sale,flat,13,5,265.6,405328840.0,Дорогомилово,,3к1,Парк Победы,Виктори Парк Резиденсез ЖК
Intermark Real Estate,real_estate_agent,Москва,sale,flat,12,5,303.0,534765000.0,Хамовники,Трубецкая ,12,Фрунзенская,Садовые кварталы
FS PROPERTY,real_estate_agent,Москва,sale,flat,5,5,242.0,340305000.0,Арбат,переулок Романов,3С1,Библиотека им. Ленина,
VESPER,developer,Москва,sale,flat,21,5,363.3,629417250.0,Пресненский,2-я Звенигородская ,14,Улица 1905 года,Lucky
BARNES International Realty,real_estate_agent,Москва,sale,flat,5,5,155.0,85000000.0,Арбат, Арбат,40,Смоленская,
ИП Шакарян Э.А.,real_estate_agent,Москва,sale,flat,9,5,168.0,39000000.0,Южное Бутово,Южнобутовская ,75,Бунинская аллея,
MR Group,developer,Москва,sale,flat,59,5,103.9,,Можайский,,,Давыдково,Веер ЖК
Винидиктов и Партнеры,real_estate_agent,Москва,sale,flat,11,5,219.4,330000000.0,Хамовники,Погодинская ,4,Фрунзенская,GRAND DELUXE на Плющихе
Enkelman Development,real_estate_agent,Москва,sale,flat,4,5,104.5,41000000.0,Тверской,Селезневская ,13С1,Достоевская,
Sminex,developer,Москва,sale,flat,14,5,227.4,834760000.0,Якиманка,,,Полянка,Лаврушинский ЖК
Intermark Real Estate,real_estate_agent,Москва,sale,flat,7,5,194.0,310000000.0,Пресненский,Малая Бронная ,14,Пушкинская,
Monumental Group,real_estate_agent,Москва,sale,flat,5,5,250.0,130000000.0,Пресненский, Спиридоновка,27/24,Баррикадная,
Capital Group,developer,Москва,sale,flat,18,5,221.0,252824000.0,Дорогомилово,,,Москва-Сити,Бадаевский ЖК
Kalinka Group,real_estate_agent,Москва,sale,flat,12,5,290.0,280000000.0,Раменки, Улофа Пальме,7,Минская,Lake House
РИЭЛТ ХАУС,real_estate_agent,Москва,sale,flat,8,5,103.4,23900000.0,Южнопортовый, Трофимова,29,Кожуховская,
СТ Тауэрс,developer,Москва,sale,flat,66,5,588.1,1058580000.0,Пресненский,1-й Красногвардейский проезд,22с1,Москва-Сити,NEVA TOWERS
Verges of estate,real_estate_agent,Москва,sale,flat,31,5,212.0,115000000.0,Очаково-Матвеевское,Нежинская ,1к1,Давыдково,Кутузовская Ривьера
Департамент города Москвы по конкурентной политике,real_estate_agent,Москва,sale,flat,19,5,128.1,32899500.0,Академический, Дмитрия Ульянова,27к1,Академическая,
Hutton Development,developer,Москва,sale,flat,6,5,236.7,497070000.0,Якиманка,Софийская набережная,34С3,Новокузнецкая,Клубный дом DUO
BARNES International Realty,real_estate_agent,Москва,sale,flat,31,5,212.0,115000000.0,Очаково-Матвеевское,Нежинская ,1к1,Давыдково,Кутузовская Ривьера
ID 51317713,unknown,Москва,sale,flat,28,5,128.8,75000000.0,Филевский парк,Береговой проезд,1Б,Шелепиха,мой адрес На Береговом
VESPER,developer,Москва,sale,flat,5,5,590.3,2361200000.0,Пресненский,Трехпрудный переулок,9С1,Маяковская,Клубный дом Левенсон
ID 112609323,realtor,Москва,sale,flat,6,5,310.15,325657500.0,Хамовники,Зубовская ,7,Парк Культуры,Roza Rossa
Apple Real Estate,real_estate_agent,Москва,sale,flat,7,5,136.0,58500000.0,Мещанский, Гиляровского,62,Рижская,
КОРТРОС,developer,Москва,sale,flat,49,5,206.56,206560000.0,Марьина роща, Веткина,2С8,Марьина Роща,TATE 
Intermark Real Estate,real_estate_agent,Москва,sale,flat,75,5,294.7,294700000.0,Пресненский,набережная Пресненская,8с1,Деловой центр,Город Столиц
Monumental Group,real_estate_agent,Москва,sale,flat,6,5,163.0,145845000.0,Басманный, Чаплыгина,1АС1,Красные ворота,
Стадион Спартак,developer,Москва,sale,flat,13,5,180.2,129437660.0,Покровское-Стрешнево,Вивальди кв-л,,Спартак,Клубный Город на Реке Примавера ЖК
MC REALTY,real_estate_agent,Москва,sale,flat,75,5,304.0,260000000.0,Пресненский,набережная Пресненская,8с1,Деловой центр,Город Столиц
Whitewill,real_estate_agent,Москва,sale,flat,18,5,125.0,84000000.0,Алексеевский,Новоалексеевская ,16к3,Алексеевская,Серебряный фонтан
Sminex,developer,Москва,sale,flat,10,5,212.4,202250000.0,Пресненский,2-я Черногрязская ,,Улица 1905 года,Квартал LIFE TIME
NF Group - ex-Knight Frank,real_estate_agent,Москва,sale,flat,76,5,303.4,260000000.0,Пресненский,набережная Пресненская,8с1,Деловой центр,Город Столиц
ЛюксДом,real_estate_agent,Москва,sale,flat,57,5,663.0,217900000.0,Хорошевский,Чапаевский переулок,3,Аэропорт,Триумф-Палас
Концерн КРОСТ,developer,Москва,sale,flat,19,5,126.2,60954600.0,Щукино, Расплетина,2к1,Октябрьское поле,Театральный квартал
Kalinka Group,real_estate_agent,Москва,sale,flat,24,5,182.0,145000000.0,Раменки,Ломоносовский проспект,25к3,Университет,Dominion
Азиза Шажен-Батуева,realtor,Москва,sale,flat,8,5,110.0,42500000.0,Академический, Вавилова,55/7,Академическая,
Sminex,developer,Москва,sale,flat,6,5,392.2,1392320000.0,Басманный,Потаповский переулок,5С4,Чистые пруды,Чистые Пруды
Whitewill,real_estate_agent,Москва,sale,flat,3,5,311.0,265000000.0,Хамовники,1-й Зачатьевский переулок,6,Кропоткинская,
СТОЛИЦА. Москва и МО,real_estate_agent,Москва,sale,flat,12,5,95.0,34000000.0,Басманный,Переведеновский переулок,3,Бауманская,
Донстрой,developer,Москва,sale,flat,21,5,148.7,72595340.0,Хорошево-Мневники, Нижние Мневники,,Мнёвники,Остров
NF Group - ex-Knight Frank,real_estate_agent,Москва,sale,flat,7,5,398.1,170000000.0,Крылатское,Крылатская ,45К3,Крылатское,Долина грез
Homeapp,real_estate_agent,Москва,sale,flat,17,5,120.0,39800000.0,Коньково, Академика Капицы,4,Коньково,
Regions Development,developer,Москва,sale,flat,24,5,159.9,73477782.0,Нагатинский затон,проспект Андропова,9/1,Технопарк,Dream Towers
Whitewill,real_estate_agent,Москва,sale,flat,3,5,325.0,330000000.0,Тверской,Долгоруковская ,23А,Новослободская,Cameo Moscow Villas
СЕДЬМОЕ НЕБО,real_estate_agent,Москва,sale,flat,8,5,105.0,40000000.0,Алексеевский, Бориса Галушкина,26,ВДНХ,
Донстрой,developer,Москва,sale,flat,16,5,180.4,142516000.0,Раменки, Сергея Бондарчука,2,Мичуринский проспект,Река
NF Group - ex-Knight Frank,real_estate_agent,Москва,sale,flat,11,5,179.2,104000000.0,Басманный,Старая Басманная ,10С5,Курская,KAZAKOV Grand Loft
ГОРОБМЕН,real_estate_agent,Москва,sale,flat,17,5,135.0,35000000.0,Тропарево-Никулино,Никулинская ,15К2,Озёрная,
Основа,developer,Москва,sale,flat,19,5,211.9,190710000.0,Красносельский,проспект Академика Сахарова,7,Красные ворота,RED7
RND,real_estate_agent,Москва,sale,flat,10,5,178.0,137900000.0,Дорогомилово,Студенческая ,20к1,Студенческая,
Владис,real_estate_agent,Москва,sale,flat,13,5,148.0,34000000.0,Восточное Дегунино,Дубнинская ,26К1,Яхромская,
Tekta Group,developer,Москва,sale,flat,34,5,108.3,45204420.0,Нагорный,,2,Нагорная,Твелв ЖК
ZIP Realty,real_estate_agent,Москва,sale,flat,10,5,200.0,69900000.0,Кунцево, Маршала Тимошенко,17К2,Крылатское,
ID 13953021,homeowner,Москва,sale,flat,17,5,112.0,43000000.0,Черемушки,Новочеремушкинская ,49К1,Профсоюзная,
Центр-Инвест,developer,Москва,sale,flat,9,5,296.4,260639043.0,Таганский,Серебрянический переулок,8,Китай-город,Титул на Серебрянической
NF Group - ex-Knight Frank,real_estate_agent,Москва,sale,flat,5,5,141.2,116000000.0,Мещанский,Последний переулок,5С1,Сухаревская,
Азиза Шажен-Батуева,realtor,Москва,sale,flat,12,5,102.0,22200000.0,Отрадное, Бестужевых,12,Отрадное,
Ташир,developer,Москва,sale,flat,21,5,214.0,107856000.0,Очаково-Матвеевское,Аминьевское шоссе,6,Давыдково,West Tower (Апартаменты бизнес-класса)
Whitewill,real_estate_agent,Москва,sale,flat,11,5,343.0,825000000.0,Хамовники, Усачева,11И,Спортивная,Садовые кварталы
Century21 Феникс,real_estate_agent,Москва,sale,flat,16,5,112.5,29950000.0,Братеево,Братеевская ,16К6,Алма-Атинская,
ФСК,developer,Москва,sale,flat,47,5,128.0,89824000.0,Обручевский,,,Калужская,Архитектор ЖК
NIKA ESTATE,real_estate_agent,Москва,sale,flat,8,5,222.0,257000000.0,Раменки,Мосфильмовская ,1А,Ломоносовский проспект,Вишневый сад
Whitewill,real_estate_agent,Москва,sale,flat,8,5,469.9,1800000000.0,Хамовники, Пречистенка,13,Кропоткинская,Пречистенка 13
Донстрой,developer,Москва,sale,flat,19,5,224.5,299932000.0,Замоскворечье,Большая Татарская ,35С7-9,Новокузнецкая,Татарская 35
Whitewill,real_estate_agent,Москва,sale,flat,8,5,222.0,257500000.0,Раменки,Мосфильмовская ,1А,Ломоносовский проспект,Вишневый сад
Intermark Real Estate,real_estate_agent,Москва,sale,flat,7,5,260.0,197000000.0,Хамовники, Остоженка,5,Кропоткинская,
Level Group,developer,Москва,sale,flat,13,5,111.8,48556211.0,Басманный,Большая Почтовая ,,Электрозаводская,Level Бауманская
PEOPLE,real_estate_agent,Москва,sale,flat,21,5,242.0,240000000.0,Пресненский, Сергея Макеева,9,Улица 1905 года,RedSide
Светлана Носова,realtor,Москва,sale,flat,23,5,125.2,63000000.0,Ясенево,Новоясеневский проспект,9,Ясенево,Новоясеневский
St Michael,developer,Москва,sale,flat,20,5,97.09,,Хорошево-Мневники, Берзарина,,Серебряный Бор,Квартал Серебряный Бор
NF Group - ex-Knight Frank,real_estate_agent,Москва,sale,flat,22,5,183.2,139500000.0,Раменки,Мичуринский проспект,34,Раменки,
ID 77800543,realtor,Москва,sale,flat,5,5,188.1,105000000.0,Тверской, Малая Дмитровка,23/15С2,Пушкинская,
ДомДау,developer,Москва,sale,flat,85,5,218.51,,Пресненский,Московский международный деловой центр Москва-Сити тер.,,,Дом Дау
NF Group - ex-Knight Frank,real_estate_agent,Москва,sale,flat,6,5,319.3,250000000.0,Беговой, 3-я Ямского Поля,9,Белорусская,Art Residence
Терра-недвижимость,real_estate_agent,Москва,sale,flat,4,5,400.0,99000000.0,Южное Тушино,проезд Досфлота,16К1,Сходненская,
КОРТРОС,developer,Москва,sale,flat,24,5,118.89,51003810.0,Останкинский,,,Алексеевская,АйЛав ЖК
Yhome,real_estate_agent,Москва,sale,flat,17,5,310.0,330000000.0,Пресненский,Звенигородское шоссе,11,Улица 1905 года,Дизайнерский дом Eleven
Whitewill,real_estate_agent,Москва,sale,flat,19,5,147.9,95000000.0,Алексеевский,Новоалексеевская ,16С3,Алексеевская,Серебряный фонтан
Донстрой,developer,Москва,sale,flat,19,5,224.4,308774400.0,Замоскворечье,Большая Татарская ,35С7-9,Новокузнецкая,Татарская 35
Whitewill,real_estate_agent,Москва,sale,flat,8,5,340.0,490000000.0,Арбат,Большой Афанасьевский переулок,28,Арбатская,"Большой Афанасьевский пер, вл.24"
Донстрой,developer,Москва,sale,flat,24,5,182.1,322134900.0,Замоскворечье,Большая Татарская ,35С7-9,Новокузнецкая,Татарская 35
Центрис,real_estate_agent,Москва,sale,flat,11,5,320.0,534765000.0,Хамовники, Усачева,2С3,Фрунзенская,Фьюжн парк
Sminex,developer,Москва,sale,flat,8,5,459.4,2147483647.0,Якиманка,,,Полянка,Лаврушинский ЖК
NF Group - ex-Knight Frank,real_estate_agent,Москва,sale,flat,4,5,192.1,112000000.0,Крылатское,Островной проезд,9К1,Молодёжная,Остров Фантазий
Имена,developer,Москва,sale,flat,14,5,158.27,144342240.0,Дорогомилово,1-й Можайский тупик,8АС1,Киевская,D'ORO MILLE
Intermark Real Estate,real_estate_agent,Москва,sale,flat,7,5,242.0,200000000.0,Пресненский,Никитский бульвар,12,Арбатская,
Regions Development,developer,Москва,sale,flat,24,5,162.2,76617580.0,Нагатинский затон,проспект Андропова,9/1,Технопарк,Dream Towers
Intermark Real Estate,real_estate_agent,Москва,sale,flat,7,5,271.7,294000000.0,Хамовники,Смоленский бульвар,24к3,Смоленская,Клубный дом на Смоленском бульваре
Hutton Development,developer,Москва,sale,flat,6,5,239.3,502530000.0,Якиманка,Софийская набережная,34С3,Новокузнецкая,Клубный дом DUO
NF Group - ex-Knight Frank,real_estate_agent,Москва,sale,flat,4,5,396.0,997920000.0,Таганский, Солянка,7,Китай-город,Дом с Атлантами
Донстрой,developer,Москва,sale,flat,22,5,144.8,89862880.0,Хорошево-Мневники,Жилой комплекс остров,7,Терехово ,Остров
Космополис,real_estate_agent,Москва,sale,flat,23,5,199.0,59980000.0,Гагаринский,Ломоносовский проспект,7К5,Вавиловская,
Киноцентр,developer,Москва,sale,flat,20,5,216.0,220320000.0,Пресненский, Красная Пресня,3,Краснопресненская,SkyView
Kalinka Group,real_estate_agent,Москва,sale,flat,37,5,216.4,130000000.0,Тропарево-Никулино,проспект Вернадского,94к1,Тропарёво,Миракс Парк
Tekta Group,developer,Москва,sale,flat,27,5,144.5,81165650.0,Даниловский,,1,Крестьянская застава,Эра ЖК
Kalinka Group,real_estate_agent,Москва,sale,flat,6,5,225.0,620000000.0,Пресненский,Большой Козихинский переулок,15,Пушкинская,Дом Бакст на Патриарших
Sminex,developer,Москва,sale,flat,23,5,298.3,472040000.0,Пресненский,,,Улица 1905 года,Лайф Тайм ЖК
Whitewill,real_estate_agent,Москва,sale,flat,9,5,162.0,265500000.0,Арбат, Малая Молчановка,8С1,Арбатская,
Tekta Group,developer,Москва,sale,flat,27,5,144.0,79617600.0,Даниловский,,1,Крестьянская застава,Эра ЖК
Century 21 Street Realty,real_estate_agent,Москва,sale,flat,10,5,250.5,225000000.0,Хамовники,3-я Фрунзенская ,5к1,Фрунзенская,Спорт Хаус
ANT Development,developer,Москва,sale,flat,13,5,265.4,415496731.0,Дорогомилово,,3к2,Парк Победы,Виктори Парк Резиденсез ЖК
NF Group - ex-Knight Frank,real_estate_agent,Москва,sale,flat,3,5,347.2,166560000.0,Раменки,Минская ,1Гк7,Ломоносовский проспект,
Донстрой,developer,Москва,sale,flat,16,5,218.0,206010000.0,Раменки, Сергея Бондарчука,2,Мичуринский проспект,Река
Kalinka Group,real_estate_agent,Москва,sale,flat,5,5,189.0,129000000.0,Покровское-Стрешнево,Береговая ,4к10,Стрешнево,Покровский берег
Sminex,developer,Москва,sale,flat,22,5,265.6,390660000.0,Пресненский,,,Улица 1905 года,Лайф Тайм ЖК
Contact Real Estate,real_estate_agent,Москва,sale,flat,7,5,267.3,294000000.0,Хамовники,Смоленский бульвар,24к3,Смоленская,Клубный дом на Смоленском бульваре
Whitewill,real_estate_agent,Москва,sale,flat,13,5,136.62,105000000.0,Раменки,Минская ,1ГК6,Минская,Собрание клубных домов West Garden
Est-a-Tet – Вторичная недвижимость,real_estate_agent,Москва,sale,flat,16,5,111.9,23000000.0,Южное Бутово,Скобелевская ,23,Улица Скобелевская,
Sminex,developer,Москва,sale,flat,22,5,226.4,242770000.0,Пресненский,,,Улица 1905 года,Лайф Тайм ЖК
NF Group - ex-Knight Frank,real_estate_agent,Москва,sale,flat,41,5,165.0,215000000.0,Раменки,1-й Сетуньский проезд,8,Кутузовская,Hide
ID 51317713,unknown,Москва,sale,flat,28,5,126.0,75000000.0,Филевский парк,Береговой проезд,1Б,Шелепиха,мой адрес На Береговом
Донстрой,developer,Москва,sale,flat,13,5,151.3,91581890.0,Хорошево-Мневники,Жилой комплекс остров,4-й кв-л,Терехово ,Остров
Kalinka Group,real_estate_agent,Москва,sale,flat,7,5,247.7,285000000.0,Пресненский,Никитский бульвар,15/16,Арбатская,
Светлана Иванова,realtor,Москва,sale,flat,12,5,99.4,21000000.0,Марьино, Перерва,4,Перерва,
Tekta Group,developer,Москва,sale,flat,27,5,138.7,73885490.0,Даниловский,,1,Крестьянская застава,Эра ЖК
NIKA ESTATE,real_estate_agent,Москва,sale,flat,24,5,415.0,150000000.0,Щукино, Маршала Бирюзова,32К1,Октябрьское поле,Две башни
Ольга Леонтьева,realtor,Москва,sale,flat,17,5,135.0,34880000.0,Тропарево-Никулино,Никулинская ,15К2,Озёрная,
Донстрой,developer,Москва,sale,flat,19,5,160.1,100606840.0,Хорошево-Мневники, Нижние Мневники,,Терехово ,Остров
Центрис,real_estate_agent,Москва,sale,flat,11,5,320.0,534765000.0,Хамовники, Усачева,2С3,Фрунзенская,Фьюжн парк
NBRealty,real_estate_agent,Москва,sale,flat,9,5,206.0,260000000.0,Хамовники,7-й Ростовский переулок,15,Киевская,
Донстрой,developer,Москва,sale,flat,19,5,224.4,308774400.0,Замоскворечье,Большая Татарская ,35С7-9,Новокузнецкая,Татарская 35
Whitewill,real_estate_agent,Москва,sale,flat,8,5,340.0,490000000.0,Арбат,Большой Афанасьевский переулок,28,Арбатская,"Большой Афанасьевский пер, вл.24"
Октава-Недвижимость,real_estate_agent,Москва,sale,flat,9,5,110.0,41300000.0,Красносельский,Садовая-Спасская ,19/1,Красные ворота,
Донстрой,developer,Москва,sale,flat,24,5,182.1,322134900.0,Замоскворечье,Большая Татарская ,35С7-9,Новокузнецкая,Татарская 35
NIKA ESTATE,real_estate_agent,Москва,sale,flat,7,5,271.7,294000000.0,Хамовники,Смоленский бульвар,24к3,Смоленская,Клубный дом на Смоленском бульваре
Smolenka Estate,real_estate_agent,Москва,sale,flat,5,5,215.0,71000000.0,Лианозово,Угличская ,15К1,Лианозово,
Sminex,developer,Москва,sale,flat,8,5,459.4,2147483647.0,Якиманка,,,Полянка,Лаврушинский ЖК
Intermark Real Estate,real_estate_agent,Москва,sale,flat,7,5,242.0,200000000.0,Пресненский,Никитский бульвар,12,Арбатская,
Абсолют Банк,real_estate_agent,Москва,sale,flat,5,5,89.2,8030000.0,,,,,
Имена,developer,Москва,sale,flat,14,5,158.27,144342240.0,Дорогомилово,1-й Можайский тупик,8АС1,Киевская,D'ORO MILLE
NF Group - ex-Knight Frank,real_estate_agent,Москва,sale,flat,4,5,192.1,112000000.0,Крылатское,Островной проезд,9К1,Молодёжная,Остров Фантазий
Apple Real Estate,real_estate_agent,Москва,sale,flat,14,5,166.3,75000000.0,Аэропорт,Петровско-Разумовская аллея,10К3,Петровский Парк,
Regions Development,developer,Москва,sale,flat,24,5,162.2,76617580.0,Нагатинский затон,проспект Андропова,9/1,Технопарк,Dream Towers
NF Group - ex-Knight Frank,real_estate_agent,Москва,sale,flat,4,5,396.0,997920000.0,Таганский, Солянка,7,Китай-город,Дом с Атлантами
Андрей Парамзин,realtor,Москва,sale,flat,7,5,122.0,33000000.0,Южнопортовый,Велозаводская ,3/2,Дубровка,
Hutton Development,developer,Москва,sale,flat,6,5,239.3,502530000.0,Якиманка,Софийская набережная,34С3,Новокузнецкая,Клубный дом DUO
Intermark Real Estate,real_estate_agent,Москва,sale,flat,7,5,271.7,294000000.0,Хамовники,Смоленский бульвар,24к3,Смоленская,Клубный дом на Смоленском бульваре
Contact Real Estate,real_estate_agent,Москва,sale,flat,7,5,265.0,450000000.0,Таганский,Котельническая набережная,21,Таганская,Симфония набережных
Донстрой,developer,Москва,sale,flat,22,5,144.8,89862880.0,Хорошево-Мневники,Жилой комплекс остров,7,Терехово ,Остров
Kalinka Group,real_estate_agent,Москва,sale,flat,6,5,225.0,620000000.0,Пресненский,Большой Козихинский переулок,15,Пушкинская,Дом Бакст на Патриарших
FS PROPERTY,real_estate_agent,Москва,sale,flat,8,5,206.5,631337399.0,Арбат,Большой Афанасьевский переулок,28,Арбатская,
Киноцентр,developer,Москва,sale,flat,20,5,216.0,220320000.0,Пресненский, Красная Пресня,3,Краснопресненская,SkyView
Kalinka Group,real_estate_agent,Москва,sale,flat,37,5,216.4,130000000.0,Тропарево-Никулино,проспект Вернадского,94к1,Тропарёво,Миракс Парк
Владис,real_estate_agent,Москва,sale,flat,3,5,208.0,19900000.0,, Лесная,60,Силикатная,
Tekta Group,developer,Москва,sale,flat,27,5,144.5,81165650.0,Даниловский,,1,Крестьянская застава,Эра ЖК
Космополис,real_estate_agent,Москва,sale,flat,23,5,199.0,59980000.0,Гагаринский,Ломоносовский проспект,7К5,Вавиловская,
Monumental Group,real_estate_agent,Москва,sale,flat,7,5,200.0,85000000.0,Филевский парк,Барклая ,17,Багратионовская,
Sminex,developer,Москва,sale,flat,23,5,298.3,472040000.0,Пресненский,,,Улица 1905 года,Лайф Тайм ЖК
Whitewill,real_estate_agent,Москва,sale,flat,9,5,162.0,265500000.0,Арбат, Малая Молчановка,8С1,Арбатская,
Октябрьская,real_estate_agent,Москва,sale,flat,5,5,98.2,24500000.0,Сокольники, Матросская Тишина,23/7к1,Сокольники,
Tekta Group,developer,Москва,sale,flat,27,5,144.0,79617600.0,Даниловский,,1,Крестьянская застава,Эра ЖК
Century 21 Street Realty,real_estate_agent,Москва,sale,flat,10,5,250.5,225000000.0,Хамовники,3-я Фрунзенская ,5к1,Фрунзенская,Спорт Хаус
Ольга Фраткина,realtor,Москва,sale,flat,17,5,175.8,40000000.0,Можайский,Дорогобужская ,3,Рабочий посёлок,
ANT Development,developer,Москва,sale,flat,13,5,265.4,415496731.0,Дорогомилово,,3к2,Парк Победы,Виктори Парк Резиденсез ЖК
NF Group - ex-Knight Frank,real_estate_agent,Москва,sale,flat,3,5,347.2,166560000.0,Раменки,Минская ,1Гк7,Ломоносовский проспект,
Apple Real Estate,real_estate_agent,Москва,sale,flat,9,5,150.0,58500000.0,Академический,Профсоюзная ,7/12,Академическая,
Донстрой,developer,Москва,sale,flat,16,5,218.0,206010000.0,Раменки, Сергея Бондарчука,2,Мичуринский проспект,Река
Kalinka Group,real_estate_agent,Москва,sale,flat,5,5,189.0,129000000.0,Покровское-Стрешнево,Береговая ,4к10,Стрешнево,Покровский берег
NF Group - ex-Knight Frank,real_estate_agent,Москва,sale,flat,6,5,301.5,285000000.0,Хамовники,1-й Зачатьевский переулок,6,Кропоткинская,
Sminex,developer,Москва,sale,flat,22,5,265.6,390660000.0,Пресненский,,,Улица 1905 года,Лайф Тайм ЖК
Contact Real Estate,real_estate_agent,Москва,sale,flat,7,5,267.3,294000000.0,Хамовники,Смоленский бульвар,24к3,Смоленская,Клубный дом на Смоленском бульваре
Intermark Real Estate,real_estate_agent,Москва,sale,flat,4,5,170.6,159000000.0,Хамовники,Гагаринский переулок,35,Смоленская,
Донстрой,developer,Москва,sale,flat,14,5,210.4,169372000.0,Раменки, Сергея Бондарчука,2,Мичуринский проспект,Река
Istudio,real_estate_agent,Москва,sale,flat,6,5,220.0,255000000.0,Раменки,Минская ,2Вк4,Минская,Снегири Эко
Immo,real_estate_agent,Москва,sale,flat,9,5,191.6,139000000.0,Фили-Давыдково,Звенигородская ,8К2,Пионерская,
Киноцентр,representative_developer,Москва,sale,flat,20,5,197.9,191963000.0,Пресненский,Дружинниковская ,15,Краснопресненская,SkyView
Intermark Real Estate,real_estate_agent,Москва,sale,flat,6,5,423.0,1645131600.0,Хамовники,Бутиковский переулок,5,Парк Культуры,Бутиковский 5
METRAGE,real_estate_agent,Москва,sale,flat,22,5,134.0,47500000.0,Останкинский, Академика Королева,4К1,Улица Академика Королёва,
Tekta Group,developer,Москва,sale,flat,28,5,112.6,47224440.0,Нагорный,,1,Нагорная,Твелв ЖК
Soul Estate,real_estate_agent,Москва,sale,flat,9,5,191.0,295554000.0,Раменки,Мосфильмовская ,1к9,Ломоносовский проспект,Вишневый сад
Денис Пронин,realtor,Москва,sale,flat,12,5,114.0,19950000.0,Южное Бутово,Скобелевская ,25К2,Улица Скобелевская,
Sminex,developer,Москва,sale,flat,10,5,336.9,1443050000.0,Хамовники,Фрунзенская набережная,30,Фрунзенская,Клубный город-парк 
Intermark Real Estate,real_estate_agent,Москва,sale,flat,18,5,180.0,107000000.0,Щукино, Расплетина,14,Октябрьское поле,Новая звезда
МЕЗОН,real_estate_agent,Москва,sale,flat,5,5,118.0,38700000.0,Басманный,Старая Басманная ,25С5,Курская,
Киноцентр,developer,Москва,sale,flat,20,5,266.9,264274800.0,Пресненский,Дружинниковская ,15,Краснопресненская,SkyView
Point Estate Город,real_estate_agent,Москва,sale,flat,14,5,221.8,257500000.0,Раменки,Мосфильмовская ,1к4,Ломоносовский проспект,Вишневый сад
PEOPLE,real_estate_agent,Москва,sale,flat,15,5,215.0,388920000.0,Хамовники,Саввинская набережная,9,Киевская,
Главстрой,developer,Москва,sale,flat,24,5,205.2,246240000.0,Филевский парк,Береговой проезд,2,Фили,Береговой-2
Villagio Realty,real_estate_agent,Москва,sale,flat,13,5,205.0,165000000.0,Раменки,проспект Генерала Дорохова,39к2В,Минская,Собрание клубных домов West Garden
Бест на Речном,real_estate_agent,Москва,sale,flat,16,5,111.9,27999999.0,Братеево,Братеевская ,18К5,Алма-Атинская,
Донстрой,developer,Москва,sale,flat,19,5,225.5,306003500.0,Замоскворечье,Большая Татарская ,35С7-9,Новокузнецкая,Татарская 35
Apple Real Estate,real_estate_agent,Москва,sale,flat,11,5,180.0,107000000.0,Щукино, Расплетина,14,Октябрьское поле,Новая звезда
Whitewill,real_estate_agent,Москва,sale,flat,6,5,168.0,69000000.0,Головинский,Михалковская ,46к3,Коптево,
Tekta Group,developer,Москва,sale,flat,22,5,106.9,45421810.0,Нагорный,,1,Нагорная,Твелв ЖК
Villagio Realty,real_estate_agent,Москва,sale,flat,22,5,138.0,90000000.0,Филевский парк, Василисы Кожиной,13,Парк Победы,Квартал апартаментов Match Point
ИНКОМ-Недвижимость,real_estate_agent,Москва,sale,flat,17,5,112.5,28000000.0,Южное Медведково,Ясный проезд,14,Свиблово,
VESPER,developer,Москва,sale,flat,21,5,387.3,760463550.0,Пресненский, Костикова,4к2,Улица 1905 года,Lucky
Soul Estate,real_estate_agent,Москва,sale,flat,2,5,278.5,557000000.0,Якиманка,Софийская набережная,18,Боровицкая,"Золотой, жилой квартал"
ЛСР,developer,Москва,sale,flat,15,5,138.4,74411452.0,Даниловский, Родченко,2,ЗИЛ,ЗИЛАРТ
MR Group,developer,Москва,sale,flat,57,5,113.89,70019572.0,Филевский парк,,,Фили,Фили Сити ЖК
INGRAD,developer,Москва,sale,flat,6,5,202.78,97787564.0,Даниловский, Виктора Маслова,2,Автозаводская,RiverSky
NF Group - ex-Knight Frank,real_estate_agent,Москва,sale,flat,35,5,298.9,220000000.0,Щукино,Авиационная ,79Б,Щукинская,Алые Паруса
ЛСР,developer,Москва,sale,flat,15,5,138.4,74411452.0,Даниловский, Родченко,2,ЗИЛ,ЗИЛАРТ
Метриум Премиум Городская недвижимость,real_estate_agent,Москва,sale,flat,6,5,222.8,245080000.0,Раменки,Минская ,2Вк3,Минская,Снегири Эко
Эталон,developer,Москва,sale,flat,27,5,157.4,85270869.0,Даниловский,1-я оч.,к13,Технопарк,Shagal
Whitewill,real_estate_agent,Москва,sale,flat,20,5,184.08,99400000.0,Даниловский,Автозаводская ,26,Тульская,FORST
Level Group,developer,Москва,sale,flat,69,5,108.5,,Печатники,,1,Кожуховская,Левел Южнопортовая ЖК
NIKA ESTATE,real_estate_agent,Москва,sale,flat,61,5,208.0,275000000.0,Пресненский,Краснопресненская набережная,14Ак1,Москва-Сити,Capital Towers
ФСК,developer,Москва,sale,flat,29,5,143.8,95627000.0,Нагатино-Садовники,Варшавское шоссе,37Ак2,Нагатинская,Rotterdam
BARNES International Realty,real_estate_agent,Москва,sale,flat,14,5,145.1,59900000.0,Свиблово,проезд Серебрякова,11к1,Ботанический сад,Silver
494 УНР,developer,Москва,sale,flat,16,5,175.0,97807500.0,Сокольники, Матросская Тишина,12,Сокольники,Ренессанс
Estes,real_estate_agent,Москва,sale,flat,10,5,100.0,69000000.0,Пресненский,Шмитовский проезд,39к3,Шелепиха,Headliner
Центр-Инвест,developer,Москва,sale,flat,35,5,132.0,48202075.0,Левобережный,Фестивальная ,15к24/1,Речной вокзал,Фестиваль парк-2
Whitewill,real_estate_agent,Москва,sale,flat,5,5,306.6,180000000.0,Покровское-Стрешнево,Береговая ,8К1,Стрешнево,Покровский берег
Level Group,developer,Москва,sale,flat,48,5,112.0,37596199.0,Хорошево-Мневники,,,Народное Ополчение,Левел Звенигородская ЖК
ALVO Group,real_estate_agent,Москва,sale,flat,11,5,193.0,199900000.0,Раменки,Мосфильмовская ,1к3,Ломоносовский проспект,Вишневый сад
А101,developer,Москва,sale,flat,17,5,122.0,29043198.0,,,25.7,Бунинская аллея,Скандинавия ЖК
Contact Real Estate,real_estate_agent,Москва,sale,flat,6,5,260.9,583380000.0,Хамовники,Бутиковский переулок,5,Парк Культуры,Бутиковский 5
А101,developer,Москва,sale,flat,16,5,125.3,31406069.0,,,,Новомосковская,Скандинавия
NF Group - ex-Knight Frank,real_estate_agent,Москва,sale,flat,11,5,363.0,680610000.0,Хамовники,1-й Неопалимовский переулок,8,Смоленская,Венский дом
INGRAD,developer,Москва,sale,flat,19,5,152.63,77615692.0,Даниловский,Г мкр,4,Пролетарская,Форивер ЖК
Whitewill,real_estate_agent,Москва,sale,flat,22,5,161.0,104000000.0,Красносельский,Большая Спасская ,35,Площадь трёх вокзалов,Dialog
Level Group,developer,Москва,sale,flat,42,5,180.9,,Очаково-Матвеевское,,к2,Мичуринский проспект,Левел Мичуринский ЖК
do A.S.A.P.,real_estate_agent,Москва,sale,flat,7,5,220.0,130000000.0,Крылатское,Крылатская ,45К1,Крылатское,Долина грез
INGRAD,developer,Москва,sale,flat,16,5,149.23,96044564.0,Даниловский,Г мкр,9,Автозаводская,Форивер ЖК
NF Group - ex-Knight Frank,real_estate_agent,Москва,sale,flat,7,5,341.0,430000000.0,Хамовники,1-й Обыденский переулок,7,Кропоткинская,
Донстрой,developer,Москва,sale,flat,19,5,167.5,110818000.0,Хорошево-Мневники, Нижние Мневники,,Терехово ,Остров
Delight Realty,real_estate_agent,Москва,sale,flat,19,5,180.8,74500000.0,Хорошевский, Викторенко,4К1,Аэропорт,
Зиля Карамова,realtor,Москва,sale,flat,6,5,200.0,89899100.0,Тверской,Тверская ,12С7,Пушкинская,
Level Group,developer,Москва,sale,flat,64,5,119.3,38495559.0,Хорошево-Мневники,,,Народное Ополчение,Левел Звенигородская ЖК
Whitewill,real_estate_agent,Москва,sale,flat,15,5,178.0,137900000.0,Дорогомилово,Студенческая ,20к1,Студенческая,Студенческая 20
GRAND ESTATE - Премиальная недвижимость,real_estate_agent,Москва,sale,flat,12,5,190.0,190000000.0,Хамовники,переулок Хользунова,6,Фрунзенская,
Capital Group,developer,Москва,sale,flat,67,5,151.4,189250000.0,Пресненский,Краснопресненская набережная,14Ак1,Москва-Сити,Capital Towers
MHEstate - Элитная недвижимость,real_estate_agent,Москва,sale,flat,7,5,260.0,197000000.0,Хамовники, Остоженка,5,Кропоткинская,
Замоскворечье,real_estate_agent,Москва,sale,flat,8,5,155.0,39000000.0,Измайлово,Верхняя Первомайская ,39,Первомайская,
ФСК,developer,Москва,sale,flat,43,5,148.2,118382160.0,Хорошево-Мневники,к5/2,к5/2,Звенигородская,Сидней Сити ЖК
Point Estate Город,real_estate_agent,Москва,sale,flat,6,5,130.0,85000000.0,Мещанский,переулок Колокольников,6С1,Трубная,
REPLACE,real_estate_agent,Москва,sale,flat,18,5,155.5,95500000.0,Таганский, Талалихина,8,Пролетарская,Дом на Таганке
ФСК,developer,Москва,sale,flat,43,5,141.6,117216480.0,Хорошево-Мневники,к5/2,к5/2,Звенигородская,Сидней Сити ЖК
One Moscow,real_estate_agent,Москва,sale,flat,14,5,127.3,84800000.0,Раменки,проспект Генерала Дорохова,39к2Г,Минская,Собрание клубных домов West Garden
Homeapp,real_estate_agent,Москва,sale,flat,17,5,130.0,45900000.0,Черемушки, Наметкина,9К1,Новые Черёмушки,
ФСК,developer,Москва,sale,flat,16,5,121.8,66921792.0,Свиблово,Снежная ,вл22к3,Свиблово,The Lake
Whitewill,real_estate_agent,Москва,sale,flat,58,5,114.1,55000000.0,Хорошево-Мневники, Народного Ополчения,15К3,Народное Ополчение,Wellton Towers
TROIKA ESTATE,real_estate_agent,Москва,sale,flat,5,5,174.1,165000000.0,Мещанский,переулок Печатников,3С1,Трубная,
Capital Group,developer,Москва,sale,flat,67,5,153.6,205962240.0,Пресненский,Краснопресненская набережная,14Ак3,Москва-Сити,Capital Towers
Intermark Real Estate,real_estate_agent,Москва,sale,flat,24,5,177.4,197000000.0,Беговой,Верхняя ,20к1,Белорусская,Суббота
ОГРК,real_estate_agent,Москва,sale,flat,25,5,314.0,135000000.0,Покровское-Стрешнево,Сосновая аллея,1,Щукинская,Зодиак
Новое Летово,developer,Москва,sale,flat,8,5,157.8,34321500.0,,,к2,Филатов Луг,Новое Летово ЖК
Soul Estate,real_estate_agent,Москва,sale,flat,7,5,280.0,195000000.0,Басманный,Подсосенский переулок,3к1,Курская,Резиденция Чистые Пруды
NF Group - ex-Knight Frank,real_estate_agent,Москва,sale,flat,57,5,633.0,218000000.0,Хорошевский,Чапаевский переулок,3,Аэропорт,Триумф-Палас
INGRAD,developer,Москва,sale,flat,19,5,181.86,95206226.0,Даниловский,Г мкр,4,Пролетарская,Форивер ЖК
NF Group - ex-Knight Frank,real_estate_agent,Москва,sale,flat,5,5,160.8,220712100.0,Пресненский,Спиридоньевский переулок,12/9,Пушкинская,
Сириус,real_estate_agent,Москва,sale,flat,2,5,145.0,19900000.0,, Березовая,4,Прокшино,
Level Group,developer,Москва,sale,flat,30,5,119.7,,Очаково-Матвеевское,,к3,Аминьевская,Левел Мичуринский ЖК
Intermark Real Estate,real_estate_agent,Москва,sale,flat,9,5,190.68,295554000.0,Раменки,Мосфильмовская ,1к7,Ломоносовский проспект,Вишневый сад
INGRAD,developer,Москва,sale,flat,6,5,169.27,71399410.0,Нагорный,Электролитный проезд,7,Нагорная,TopHills
А101,developer,Москва,sale,flat,17,5,139.5,31190108.0,,,25.7,Бунинская аллея,Скандинавия ЖК
Villagio Realty,real_estate_agent,Москва,sale,flat,6,5,166.6,82000000.0,Кунцево,Молодогвардейская ,4К1,Кунцевская,
NF Group - ex-Knight Frank,real_estate_agent,Москва,sale,flat,18,5,206.5,120000000.0,Дорогомилово,Дохтуровский переулок,6,Студенческая,Кутузовский
Центр-Инвест,developer,Москва,sale,flat,35,5,130.3,50617252.0,Левобережный,Фестивальная ,15к6,Речной вокзал,Фестиваль парк-2
PANDA ESTATE,real_estate_agent,Москва,sale,flat,21,5,230.0,118000000.0,Пресненский,Большой Тишинский переулок,10С1,Баррикадная,"Большой Тишинский переулок, 10с1"
ESTMAN,real_estate_agent,Москва,sale,flat,17,5,160.0,24500000.0,,,20А,Новомосковская,
Level Group,developer,Москва,sale,flat,21,5,116.8,58570058.0,Басманный,Большая Почтовая ,,Электрозаводская,Level Бауманская
Century 21 Premium Property,real_estate_agent,Москва,sale,flat,12,5,195.1,175000000.0,Раменки, Сергея Бондарчука,6,Мичуринский проспект,Река
ЛИДЕР Риэлти,real_estate_agent,Москва,sale,flat,59,5,125.0,49900000.0,Тимирязевский,Дмитровский проезд,1,Дмитровская,D1
Level Group,developer,Москва,sale,flat,32,5,164.2,116260661.0,Хорошево-Мневники,Причальный проезд,10к2,Шелепиха,Level Причальный
Whitewill,real_estate_agent,Москва,sale,flat,79,5,181.8,165000000.0,Пресненский,1-й Красногвардейский проезд,22,Деловой центр,NEVA TOWERS
NIKA ESTATE,real_estate_agent,Москва,sale,flat,31,5,247.0,339332700.0,Очаково-Матвеевское,Нежинская ,1к1,Давыдково,Кутузовская Ривьера
INGRAD,developer,Москва,sale,flat,30,5,139.02,51708808.0,Можайский, Петра Алексеева,14,Рабочий посёлок,КутузовGRAD II
Винидиктов и Партнеры,real_estate_agent,Москва,sale,flat,20,5,184.0,95000000.0,Раменки, Василия Ланового,3,Аминьевская,Событие
ES-Terra Realty,real_estate_agent,Москва,sale,flat,19,5,190.8,68000000.0,Хорошево-Мневники,проспект Маршала Жукова,76к2,Народное Ополчение,
Optima Development,developer,Москва,sale,flat,41,5,188.9,131240000.0,Хорошевский,Ленинградский проспект,37/1,ЦСКА,Прайм Парк
Verges of estate,real_estate_agent,Москва,sale,flat,31,5,250.0,145000000.0,Очаково-Матвеевское,Нежинская ,1к2,Давыдково,Кутузовская Ривьера
Анна Кубик,realtor,Москва,sale,flat,12,5,110.0,39000000.0,Раменки, Довженко,12К1,Минская,
А101,developer,Москва,sale,flat,12,5,165.0,33655784.0,,,5.1.1,Прокшино,Прокшино ЖК
Метриум Премиум Городская недвижимость,real_estate_agent,Москва,sale,flat,6,5,222.8,245080000.0,Раменки,Минская ,2Вк3,Минская,Снегири Эко
Артем Косяков,realtor,Москва,sale,flat,16,5,112.2,25900000.0,Митино,Пятницкое шоссе,6К3,Волоколамская,
Sminex,developer,Москва,sale,flat,14,5,180.3,140940000.0,Раменки,проспект Генерала Дорохова,39к2Г,Ломоносовский проспект,Собрание клубных домов West Garden
NIKA ESTATE,real_estate_agent,Москва,sale,flat,61,5,208.0,275000000.0,Пресненский,Краснопресненская набережная,14Ак1,Москва-Сити,Capital Towers
Intermark Real Estate,real_estate_agent,Москва,sale,flat,11,5,220.0,220000000.0,Аэропорт,Ленинградский проспект,36с31,Динамо,ВТБ Арена парк
Level Group,developer,Москва,sale,flat,26,5,120.2,59332996.0,Нагатино-Садовники,Нагатинская набережная,,Нагатинская,Level Нагатинская
Whitewill,real_estate_agent,Москва,sale,flat,20,5,184.08,99400000.0,Даниловский,Автозаводская ,26,Тульская,FORST
CapitalEstate,real_estate_agent,Москва,sale,flat,16,5,163.8,87550000.0,Мещанский,Слесарный переулок,3,Проспект Мира,
Level Group,developer,Москва,sale,flat,24,5,155.7,44204318.0,Покровское-Стрешнево,Волоколамское шоссе,81/2с6,Тушинская,Апартаментный комплекс Level Стрешнево
Whitewill,real_estate_agent,Москва,sale,flat,5,5,306.6,180000000.0,Покровское-Стрешнево,Береговая ,8К1,Стрешнево,Покровский берег
Intermark Real Estate,real_estate_agent,Москва,sale,flat,9,5,206.0,260000000.0,Хамовники,7-й Ростовский переулок,15,Киевская,
Level Group,developer,Москва,sale,flat,19,5,143.1,177095970.0,Академический,Профсоюзная ,2/22,Академическая,Level Академическая
Contact Real Estate,real_estate_agent,Москва,sale,flat,6,5,260.9,583380000.0,Хамовники,Бутиковский переулок,5,Парк Культуры,Бутиковский 5
Whitewill,real_estate_agent,Москва,sale,flat,7,5,390.0,600000000.0,Арбат, Арбат,27/47,Арбатская,
Страна Девелопмент,developer,Москва,sale,flat,20,5,130.55,62840000.0,Даниловский,,,Технопарк,Вау ЖК
BARNES International Realty,real_estate_agent,Москва,sale,flat,14,5,145.1,59900000.0,Свиблово,проезд Серебрякова,11к1,Ботанический сад,Silver
OXE CAPITAL - Элитная Недвижимость,real_estate_agent,Москва,sale,flat,27,5,155.0,69800000.0,Академический,Нахимовский проспект,56,Профсоюзная,
INGRAD,developer,Москва,sale,flat,6,5,202.78,97787564.0,Даниловский, Виктора Маслова,2,Автозаводская,RiverSky
NF Group - ex-Knight Frank,real_estate_agent,Москва,sale,flat,11,5,363.0,680610000.0,Хамовники,1-й Неопалимовский переулок,8,Смоленская,Венский дом
Мои Столицы - Центр,real_estate_agent,Москва,sale,flat,12,5,101.0,25500000.0,Лианозово,Илимская ,10,Алтуфьево,
Эталон,developer,Москва,sale,flat,27,5,157.4,85270869.0,Даниловский,1-я оч.,к13,Технопарк,Shagal
Estes,real_estate_agent,Москва,sale,flat,10,5,100.0,69000000.0,Пресненский,Шмитовский проезд,39к3,Шелепиха,Headliner
KINS Group,real_estate_agent,Москва,sale,flat,8,5,100.3,29700000.0,Лефортово,Авиамоторная ,51,Авиамоторная,
Level Group,developer,Москва,sale,flat,69,5,108.5,,Печатники,,1,Кожуховская,Левел Южнопортовая ЖК
ALVO Group,real_estate_agent,Москва,sale,flat,11,5,193.0,199900000.0,Раменки,Мосфильмовская ,1к3,Ломоносовский проспект,Вишневый сад
Замоскворечье,real_estate_agent,Москва,sale,flat,5,5,167.0,35000000.0,Дмитровский,Дмитровское шоссе,151К4,Лианозово,
ФСК,developer,Москва,sale,flat,29,5,143.8,95627000.0,Нагатино-Садовники,Варшавское шоссе,37Ак2,Нагатинская,Rotterdam
do A.S.A.P.,real_estate_agent,Москва,sale,flat,7,5,220.0,130000000.0,Крылатское,Крылатская ,45К1,Крылатское,Долина грез
Дипломат,real_estate_agent,Москва,sale,flat,40,5,130.0,41900000.0,Пресненский,Мукомольный проезд,2,Шелепиха,
494 УНР,developer,Москва,sale,flat,16,5,175.0,97807500.0,Сокольники, Матросская Тишина,12,Сокольники,Ренессанс
Whitewill,real_estate_agent,Москва,sale,flat,22,5,161.0,104000000.0,Красносельский,Большая Спасская ,35,Площадь трёх вокзалов,Dialog
Место,real_estate_agent,Москва,sale,flat,14,5,139.6,42750000.0,Бабушкинский, Летчика Бабушкина,22,Бабушкинская,
Центр-Инвест,developer,Москва,sale,flat,35,5,132.0,48202075.0,Левобережный,Фестивальная ,15к24/1,Речной вокзал,Фестиваль парк-2
NF Group - ex-Knight Frank,real_estate_agent,Москва,sale,flat,7,5,341.0,430000000.0,Хамовники,1-й Обыденский переулок,7,Кропоткинская,
Apple Real Estate,real_estate_agent,Москва,sale,flat,6,5,148.0,107500000.0,Тверской,Долгоруковская ,29,Новослободская,
Level Group,developer,Москва,sale,flat,48,5,112.0,37596199.0,Хорошево-Мневники,,,Народное Ополчение,Левел Звенигородская ЖК
WELHOME,real_estate_agent,Москва,sale,flat,5,5,182.5,420000000.0,Якиманка,Софийская набережная,18,Боровицкая,"Золотой, жилой квартал"
Villagio Realty,real_estate_agent,Москва,sale,flat,17,5,148.0,120000000.0,Даниловский,проспект Лихачева,10к1,Технопарк,Квартал на набережной NOW
А101,developer,Москва,sale,flat,17,5,122.0,29043198.0,,,25.7,Бунинская аллея,Скандинавия ЖК
Delight Realty,real_estate_agent,Москва,sale,flat,19,5,180.8,74500000.0,Хорошевский, Викторенко,4К1,Аэропорт,
GRAND ESTATE - Премиальная недвижимость,real_estate_agent,Москва,sale,flat,5,5,304.0,156990000.0,Басманный,Петроверигский переулок,6-8-10С4,Китай-город,
А101,developer,Москва,sale,flat,16,5,125.3,31406069.0,,,,Новомосковская,Скандинавия
Intermark Real Estate,real_estate_agent,Москва,sale,flat,10,5,320.0,534765000.0,Хамовники, Усачева,2С3,Фрунзенская,Фьюжн парк
MadeState,real_estate_agent,Москва,sale,flat,14,5,136.0,92000000.0,Раменки,проспект Генерала Дорохова,39к2В,Минская,Собрание клубных домов West Garden
INGRAD,developer,Москва,sale,flat,19,5,152.63,77615692.0,Даниловский,Г мкр,4,Пролетарская,Форивер ЖК
Kalinka Group,real_estate_agent,Москва,sale,flat,20,5,248.1,90000000.0,Черемушки, Каховка,32/71,Зюзино,
WHITE BROKER,real_estate_agent,Москва,sale,flat,16,5,111.5,28700000.0,Бескудниковский,Бескудниковский бульвар,4,Верхние Лихоборы,
Level Group,developer,Москва,sale,flat,42,5,180.9,,Очаково-Матвеевское,,к2,Мичуринский проспект,Левел Мичуринский ЖК
Soul Estate,real_estate_agent,Москва,sale,flat,41,5,165.0,215000000.0,Раменки,1-й Сетуньский проезд,8,Кутузовская,Hide
Tower Estate,real_estate_agent,Москва,sale,flat,14,5,185.0,69900000.0,Беговой,Скаковая ,5,Белорусская,
INGRAD,developer,Москва,sale,flat,16,5,149.23,96044564.0,Даниловский,Г мкр,9,Автозаводская,Форивер ЖК
Whitewill,real_estate_agent,Москва,sale,flat,19,5,340.6,330000000.0,Раменки,Ломоносовский проспект,25к3,Университет,Dominion
Максим Вахонин,realtor,Москва,sale,flat,6,5,216.0,300400000.0,Якиманка,Софийская набережная,18,Боровицкая,"Золотой, жилой квартал"
Донстрой,developer,Москва,sale,flat,19,5,167.5,110818000.0,Хорошево-Мневники, Нижние Мневники,,Терехово ,Остров
NF Group - ex-Knight Frank,real_estate_agent,Москва,sale,flat,24,5,205.5,139000000.0,Можайский,Можайское шоссе,22к1,Рабочий посёлок,
NIKA ESTATE,real_estate_agent,Москва,sale,flat,6,5,232.0,620000000.0,Мещанский, Кузнецкий Мост,12/3С1,Кузнецкий мост,Kuznetsky Most 12 by Lalique
INGRAD,developer,Москва,sale,flat,19,5,204.35,103462475.0,Даниловский,Г мкр,4,Пролетарская,Форивер ЖК
BARNES International Realty,real_estate_agent,Москва,sale,flat,3,5,168.4,194460000.0,Мещанский,переулок Печатников,12,Трубная,Печатников 12
ID 11211559,realtor,Москва,sale,flat,18,5,230.0,595000000.0,Хамовники, Усачева,15,Спортивная,Садовые кварталы
INGRAD,developer,Москва,sale,flat,19,5,204.82,105927291.0,Даниловский,Г мкр,4,Пролетарская,Форивер ЖК
Whitewill,real_estate_agent,Москва,sale,flat,5,5,314.5,220000000.0,Басманный,переулок Гусятников,13/3,Чистые пруды,
Лариса Стрыкова,realtor,Москва,sale,flat,22,5,167.4,31000000.0,Марьино,Мячковский бульвар,31/19,Марьино,
МОСФИЛД,representative_developer,Москва,sale,flat,18,5,250.0,275000000.0,Раменки,2-й Мосфильмовский переулок,5,Ломоносовский проспект,Woods
Whitewill Москва-Сити,real_estate_agent,Москва,sale,flat,64,5,184.0,125232240.0,Пресненский,набережная Пресненская,8с1,Деловой центр,Город Столиц
Московский Квартал,real_estate_agent,Москва,sale,flat,11,5,400.0,590000000.0,Хамовники, Усачева,2С3,Фрунзенская,Фьюжн парк
Level Group,developer,Москва,sale,flat,30,5,116.1,,Очаково-Матвеевское,,к3,Аминьевская,Левел Мичуринский ЖК
Whitewill,real_estate_agent,Москва,sale,flat,6,5,242.7,701028300.0,Хамовники,переулок Хилков,5,Парк Культуры,Особняк в Хилковом переулке
RMRealty,real_estate_agent,Москва,sale,flat,48,5,172.0,79900000.0,Щукино,Авиационная ,79К1,Щукинская,Алые Паруса
А101,developer,Москва,sale,flat,17,5,139.3,31610653.0,,,25.7,Бунинская аллея,Скандинавия ЖК
Intermark Real Estate,real_estate_agent,Москва,sale,flat,5,5,164.0,170000000.0,Хамовники,Староконюшенный переулок,15,Кропоткинская,
FS PROPERTY,real_estate_agent,Москва,sale,flat,22,5,430.0,875070000.0,Якиманка,Якиманский переулок,6,Октябрьская,Имперский дом
А101,developer,Москва,sale,flat,16,5,125.7,28602878.0,,,,Новомосковская,Скандинавия
Intermark Real Estate,real_estate_agent,Москва,sale,flat,6,5,340.0,484500000.0,Филевский парк,Звенигородская ,16к2,Кунцевская,
One Moscow,real_estate_agent,Москва,sale,flat,8,5,205.0,242000000.0,Хамовники, Хамовнический Вал,36,Спортивная,Лужники Хаус
НеоСтрой,developer,Москва,sale,flat,8,5,292.0,793035956.0,Красносельский,Костянский переулок,13,Сретенский бульвар,Клубный дом TURGENEV
MHEstate - Элитная недвижимость,real_estate_agent,Москва,sale,flat,6,5,283.0,566000000.0,Басманный,Казарменный переулок,3С6,Курская,
OXE CAPITAL - Элитная Недвижимость,real_estate_agent,Москва,sale,flat,15,5,200.0,210000000.0,Якиманка, Большая Якиманка,22К3,Полянка,Коперник
МОСФИЛД,representative_developer,Москва,sale,flat,14,5,249.2,348880000.0,Раменки,,,Поклонная,Вудс ЖК
Intermark Real Estate,real_estate_agent,Москва,sale,flat,10,5,192.45,85000000.0,Лефортово, Золоторожский Вал,8,Серп и Молот,Золоторожский
NF Group - ex-Knight Frank,real_estate_agent,Москва,sale,flat,7,5,340.0,972300000.0,Хамовники, Ефремова,19к4,Спортивная,Knightsbridge Private Park
Optima Development,developer,Москва,sale,flat,41,5,189.0,135811505.0,Хорошевский,Ленинградский проспект,37/2,Петровский Парк,Прайм Парк
Whitewill,real_estate_agent,Москва,sale,flat,30,5,289.9,250000000.0,Щукино,Авиационная ,79Б,Щукинская,Алые Паруса
Point Estate Город,real_estate_agent,Москва,sale,flat,7,5,178.0,195000000.0,Басманный,Чистопрудный бульвар,14С3,Чистые пруды,
ФСК,developer,Москва,sale,flat,44,5,156.7,138530635.0,Хорошево-Мневники,к2/2,к2/2,Хорошёво,Сидней Сити ЖК
Intermark Real Estate,real_estate_agent,Москва,sale,flat,8,5,221.8,257500000.0,Раменки,Мосфильмовская ,1А,Ломоносовский проспект,Вишневый сад
Apple Real Estate,real_estate_agent,Москва,sale,flat,17,5,208.0,69950000.0,Раменки,Мичуринский проспект,19К2,Раменки,
ENGEO Development,developer,Москва,sale,flat,6,5,275.2,553770000.0,Тверской, Большая Дмитровка,9С5,Охотный ряд,Большая Дмитровка IX
GRAND ESTATE - Премиальная недвижимость,real_estate_agent,Москва,sale,flat,5,5,190.0,147000000.0,Хамовники,переулок Плотников,3,Смоленская,
КоридорЪ,real_estate_agent,Москва,sale,flat,17,5,113.5,38000000.0,Филевский парк,Филевский бульвар,35,Фили,
INGRAD,developer,Москва,sale,flat,16,5,216.31,161189784.0,Даниловский,Г мкр,3,Марксистская,Форивер ЖК
NIKA ESTATE,real_estate_agent,Москва,sale,flat,5,5,245.9,285000000.0,Хамовники, Пречистенка,27,Парк Культуры,
Анна Смирнова,realtor,Москва,sale,flat,12,5,101.2,26000000.0,Отрадное, Декабристов,8К1,Отрадное,
Optima Development,developer,Москва,sale,flat,41,5,269.7,288579000.0,Хорошевский,Ленинградский проспект,37/2,Петровский Парк,Прайм Парк
ОГРК,real_estate_agent,Москва,sale,flat,95,5,353.0,285000000.0,Пресненский,набережная Пресненская,12,Деловой центр,Башня Федерация
ID 21307278,realtor,Москва,sale,flat,8,5,187.8,260000000.0,Пресненский,Большой Козихинский переулок,14С2,Пушкинская,
ENGEO Development,developer,Москва,sale,flat,6,5,275.2,553770000.0,Тверской, Большая Дмитровка,9С5,Охотный ряд,Большая Дмитровка IX
OXE CAPITAL - Элитная Недвижимость,real_estate_agent,Москва,sale,flat,13,5,272.0,544000000.0,Якиманка,Якиманский переулок,6с1,Октябрьская,
Ramenky Realty,real_estate_agent,Москва,sale,flat,12,5,228.0,357400000.0,Хамовники, Усачева,13,Спортивная,Садовые кварталы
INGRAD,developer,Москва,sale,flat,16,5,216.31,161189784.0,Даниловский,Г мкр,3,Марксистская,Форивер ЖК
OXE CAPITAL - Элитная Недвижимость,real_estate_agent,Москва,sale,flat,8,5,335.7,370000000.0,Хамовники,переулок Хилков,1,Парк Культуры,Парк Палас
NIKA ESTATE,real_estate_agent,Москва,sale,flat,8,5,245.9,437535000.0,Хамовники,переулок Хилков,1,Парк Культуры,Парк Палас
Optima Development,developer,Москва,sale,flat,41,5,269.7,288579000.0,Хорошевский,Ленинградский проспект,37/2,Петровский Парк,Прайм Парк
ЛюксДом,real_estate_agent,Москва,sale,flat,15,5,290.0,450000000.0,Хамовники,Олсуфьевский переулок,9к2,Фрунзенская,White Khamovniki
Инна Новикова,realtor,Москва,sale,flat,15,5,290.0,450000000.0,Хамовники,Олсуфьевский переулок,9к1,Фрунзенская,White Khamovniki
А101,developer,Москва,sale,flat,13,5,150.1,33825936.0,, Лобановский Лес,13,Прокшино,Прокшино
ID 413522,realtor,Москва,sale,flat,11,5,240.0,559900000.0,Хамовники, Усачева,15А,Спортивная,Садовые кварталы
Самолет плюс Троицк,real_estate_agent,Москва,sale,flat,3,5,130.3,22000000.0,, Николая Сладкова,3,Крёкшино,
Level Group,developer,Москва,sale,flat,64,5,113.7,35349135.0,Хорошево-Мневники,,,Народное Ополчение,Левел Звенигородская ЖК
FS PROPERTY,real_estate_agent,Москва,sale,flat,5,5,242.0,340305000.0,Арбат,переулок Романов,3С1,Библиотека им. Ленина,
Самолет плюс Московский,real_estate_agent,Москва,sale,flat,46,5,143.2,56000000.0,Обручевский, Академика Волгина,,Университет Дружбы Народов,Архитектор
Донстрой,developer,Москва,sale,flat,9,5,165.8,159473280.0,Хорошево-Мневники, Нижние Мневники,10,Терехово ,Остров
Monumental Group,real_estate_agent,Москва,sale,flat,6,5,163.0,145845000.0,Басманный, Чаплыгина,1АС1,Красные ворота,
ES-Terra Realty,real_estate_agent,Москва,sale,flat,19,5,190.8,68000000.0,Хорошево-Мневники,проспект Маршала Жукова,76к2,Народное Ополчение,
Optima Development,developer,Москва,sale,flat,41,5,225.2,153564000.0,Хорошевский,Ленинградский проспект,37/1,ЦСКА,Прайм Парк
NBRealty,real_estate_agent,Москва,sale,flat,9,5,206.0,260000000.0,Хамовники,7-й Ростовский переулок,15,Киевская,
Tower Estate,real_estate_agent,Москва,sale,flat,14,5,185.0,69900000.0,Беговой,Скаковая ,5,Белорусская,
Optima Development,developer,Москва,sale,flat,41,5,164.4,126885354.0,Хорошевский,Ленинградский проспект,37/5,Аэропорт,Прайм Парк
MUST HAVE BURO,real_estate_agent,Москва,sale,flat,6,5,184.4,205000000.0,Тверской,Петровский бульвар,17/1,Пушкинская,
Ashtons International Realty,real_estate_agent,Москва,sale,flat,29,5,123.5,70000000.0,Филевский парк,Береговой проезд,3,Фили,Береговой
Донстрой,developer,Москва,sale,flat,13,5,143.1,100127070.0,Хорошево-Мневники,Жилой комплекс остров,4-й кв-л,Терехово ,Остров
TROIKA ESTATE,real_estate_agent,Москва,sale,flat,4,5,208.5,340305000.0,Раменки,Минская ,2Вк6,Минская,Снегири Эко
AB Development,developer,Москва,sale,flat,11,5,362.0,724440000.0,Раменки,Мосфильмовская ,1к10,Ломоносовский проспект,Вишневый сад
ID 51317713,unknown,Москва,sale,flat,28,5,128.8,75000000.0,Филевский парк,Береговой проезд,1Б,Шелепиха,мой адрес На Береговом
А101,developer,Москва,sale,flat,13,5,137.6,31452746.0,, Лобановский Лес,13,Прокшино,Прокшино
ID 51317713,unknown,Москва,sale,flat,28,5,126.0,75000000.0,Филевский парк,Береговой проезд,1Б,Шелепиха,мой адрес На Береговом
Optima Development,developer,Москва,sale,flat,41,5,211.6,135765000.0,Хорошевский,Ленинградский проспект,37/1,ЦСКА,Прайм Парк
Славянский Двор Остоженка,real_estate_agent,Москва,sale,flat,9,5,136.0,77784000.0,Дорогомилово,Студенческая ,44/28,Кутузовская,
Sminex,developer,Москва,sale,flat,23,5,302.3,472010000.0,Пресненский,,,Улица 1905 года,Лайф Тайм ЖК
Ramenky Realty,real_estate_agent,Москва,sale,flat,14,5,130.4,81697000.0,Раменки,проспект Генерала Дорохова,39к1Г,Минская,Собрание клубных домов West Garden
AB Development,developer,Москва,sale,flat,12,5,210.0,210310000.0,Раменки,Мосфильмовская ,1к9,Ломоносовский проспект,Вишневый сад
CapitalEstate,real_estate_agent,Москва,sale,flat,16,5,163.8,87550000.0,Мещанский,Слесарный переулок,3,Проспект Мира,
ANT Development,developer,Москва,sale,flat,13,5,267.7,434788622.0,Дорогомилово,,3к3,Парк Победы,Виктори Парк Резиденсез ЖК
Century 21 Street Realty,real_estate_agent,Москва,sale,flat,40,5,186.2,89000000.0,Раменки,Мосфильмовская ,70к3,Минская,Воробьевы Горы
Sminex,developer,Москва,sale,flat,22,5,232.9,374090000.0,Пресненский,,,Улица 1905 года,Лайф Тайм ЖК
Intermark Real Estate,real_estate_agent,Москва,sale,flat,10,5,226.2,92000000.0,Крылатское, Крылатские Холмы,3К2,Молодёжная,
Capital Group,developer,Москва,sale,flat,67,5,163.3,165259600.0,Пресненский,Краснопресненская набережная,14Ак3,Москва-Сити,Capital Towers
MadeState,real_estate_agent,Москва,sale,flat,14,5,136.0,92000000.0,Раменки,проспект Генерала Дорохова,39к2В,Минская,Собрание клубных домов West Garden
AB Development,developer,Москва,sale,flat,14,5,354.0,619065000.0,Раменки,Мосфильмовская ,1к11,Ломоносовский проспект,Вишневый сад
REPLACE,real_estate_agent,Москва,sale,flat,18,5,155.5,95500000.0,Таганский, Талалихина,8,Пролетарская,Дом на Таганке
Киноцентр,developer,Москва,sale,flat,20,5,216.0,270000000.0,Пресненский,Дружинниковская ,15,Краснопресненская,SkyView
BARNES International Realty,real_estate_agent,Москва,sale,flat,14,5,139.0,99000000.0,Раменки,проспект Генерала Дорохова,39к1,Минская,Собрание клубных домов West Garden
Донстрой,developer,Москва,sale,flat,19,5,172.7,106417740.0,Хорошево-Мневники, Нижние Мневники,,Терехово ,Остров
Терра-недвижимость,real_estate_agent,Москва,sale,flat,4,5,400.0,99000000.0,Южное Тушино,проезд Досфлота,16К1,Сходненская,
Optima Development,developer,Москва,sale,flat,41,5,210.4,150360000.0,Хорошевский,Ленинградский проспект,37/1,ЦСКА,Прайм Парк
ZAPAD REALTY - офис Маршала Жукова,real_estate_agent,Москва,sale,flat,12,5,136.9,102000000.0,Раменки,проспект Генерала Дорохова,39к1Е,Минская,Собрание клубных домов West Garden
AB Development,developer,Москва,sale,flat,11,5,352.0,704140000.0,Раменки,Мосфильмовская ,1к10,Ломоносовский проспект,Вишневый сад
ID 22653,real_estate_agent,Москва,sale,flat,22,5,170.0,103000000.0,Обручевский, Обручева,3,Новаторская,Призма
Sminex,developer,Москва,sale,flat,22,5,219.3,245530000.0,Пресненский,,,Улица 1905 года,Лайф Тайм ЖК
ID 23552643,unknown,Москва,sale,flat,35,5,200.0,105000000.0,Щукино,Авиационная ,79Б,Щукинская,Алые Паруса
МЕЗОН,real_estate_agent,Москва,sale,flat,12,5,181.8,190000000.0,Хамовники,переулок Хользунова,6,Фрунзенская,
Основа,developer,Москва,sale,flat,19,5,211.9,190710000.0,Красносельский,проспект Академика Сахарова,7,Красные ворота,RED7
Киноцентр,representative_developer,Москва,sale,flat,20,5,197.9,191963000.0,Пресненский,Дружинниковская ,15,Краснопресненская,SkyView
AB Development,developer,Москва,sale,flat,11,5,206.0,195994500.0,Раменки,Мосфильмовская ,1к10,Ломоносовский проспект,Вишневый сад
Capital Group,developer,Москва,sale,flat,67,5,153.6,200133120.0,Пресненский,Краснопресненская набережная,14Ак3,Москва-Сити,Capital Towers
Capital Group,developer,Москва,sale,flat,67,5,197.2,199566400.0,Пресненский,Краснопресненская набережная,14Ак3,Москва-Сити,Capital Towers
Sminex,developer,Москва,sale,flat,10,5,212.4,202250000.0,Пресненский,2-я Черногрязская ,,Улица 1905 года,Квартал LIFE TIME
MUST HAVE BURO,real_estate_agent,Москва,sale,flat,6,5,184.4,205000000.0,Тверской,Петровский бульвар,17/1,Пушкинская,
КОРТРОС,developer,Москва,sale,flat,49,5,206.56,206560000.0,Марьина роща, Веткина,2С8,Марьина Роща,TATE 
Донстрой,developer,Москва,sale,flat,16,5,218.0,206010000.0,Раменки, Сергея Бондарчука,2,Мичуринский проспект,Река
AB Development,developer,Москва,sale,flat,11,5,211.0,205393500.0,Раменки,Мосфильмовская ,1к10,Ломоносовский проспект,Вишневый сад
AB Development,developer,Москва,sale,flat,12,5,210.0,210310000.0,Раменки,Мосфильмовская ,1к9,Ломоносовский проспект,Вишневый сад
Capital Group,developer,Москва,sale,flat,67,5,195.1,212249290.0,Пресненский,Краснопресненская набережная,14Ак3,Москва-Сити,Capital Towers
Sminex,developer,Москва,sale,flat,10,5,205.5,212790000.0,Пресненский,2-я Черногрязская ,,Улица 1905 года,Квартал LIFE TIME
Sminex,developer,Москва,sale,flat,10,5,204.7,220010000.0,Пресненский,2-я Черногрязская ,,Улица 1905 года,Квартал LIFE TIME
AB Development,developer,Москва,sale,flat,12,5,211.0,221130000.0,Раменки,Мосфильмовская ,1к9,Ломоносовский проспект,Вишневый сад
Киноцентр,developer,Москва,sale,flat,20,5,216.0,220320000.0,Пресненский, Красная Пресня,3,Краснопресненская,SkyView
Capital Group,developer,Москва,sale,flat,67,5,169.0,226612100.0,Пресненский,Краснопресненская набережная,14Ак3,Москва-Сити,Capital Towers
Capital Group,developer,Москва,sale,flat,67,5,207.1,231952000.0,Пресненский,Краснопресненская набережная,14Ак3,Москва-Сити,Capital Towers
Киноцентр,developer,Москва,sale,flat,20,5,204.6,241428000.0,Пресненский,,,Краснопресненская,SkyView
Sminex,developer,Москва,sale,flat,22,5,226.4,242770000.0,Пресненский,,,Улица 1905 года,Лайф Тайм ЖК
Sminex,developer,Москва,sale,flat,22,5,219.4,243030000.0,Пресненский,,,Улица 1905 года,Лайф Тайм ЖК
StateMarks,real_estate_agent,Москва,sale,flat,29,5,400.0,248000000.0,Проспект Вернадского,Ленинский проспект,128К1,Новаторская,Квартал на Ленинском
Главстрой,developer,Москва,sale,flat,24,5,205.2,246240000.0,Филевский парк,Береговой проезд,2,Фили,Береговой-2
AB Development,developer,Москва,sale,flat,9,5,190.11,247143000.0,Раменки,Мосфильмовская ,1к6,Ломоносовский проспект,Вишневый сад
StateMarks,real_estate_agent,Москва,sale,flat,5,5,260.0,250000000.0,Хамовники, Плющиха,22,Смоленская,
Капиталъ-Недвижимость,real_estate_agent,Москва,sale,flat,9,5,300.0,252000000.0,Таганский,Серебрянический переулок,8,Китай-город,Титул на Серебрянической
Capital Group,developer,Москва,sale,flat,18,5,221.0,252824000.0,Дорогомилово,,,Москва-Сити,Бадаевский ЖК
NBRealty,real_estate_agent,Москва,sale,flat,9,5,206.0,260000000.0,Хамовники,7-й Ростовский переулок,15,Киевская,
Центр-Инвест,developer,Москва,sale,flat,9,5,296.4,260639043.0,Таганский,Серебрянический переулок,8,Китай-город,Титул на Серебрянической
AB Development,developer,Москва,sale,flat,14,5,200.0,258468000.0,Раменки,Мосфильмовская ,1к11,Ломоносовский проспект,Вишневый сад
Киноцентр,developer,Москва,sale,flat,20,5,223.3,262377500.0,Пресненский,,,Краснопресненская,SkyView
Киноцентр,representative_developer,Москва,sale,flat,20,5,265.7,263043000.0,Пресненский,Дружинниковская ,15,Краснопресненская,SkyView
Киноцентр,representative_developer,Москва,sale,flat,20,5,265.9,264836400.0,Пресненский,,,Краснопресненская,SkyView
Киноцентр,developer,Москва,sale,flat,20,5,266.9,264274800.0,Пресненский,Дружинниковская ,15,Краснопресненская,SkyView
Максим Вахонин,realtor,Москва,sale,flat,15,5,175.4,266700000.0,Хамовники,Олсуфьевский переулок,9к2,Фрунзенская,White Khamovniki
Киноцентр,developer,Москва,sale,flat,20,5,216.5,270625000.0,Пресненский,Дружинниковская ,15,Краснопресненская,SkyView
Киноцентр,developer,Москва,sale,flat,20,5,216.0,270000000.0,Пресненский,Дружинниковская ,15,Краснопресненская,SkyView
AB Development,developer,Москва,sale,flat,14,5,201.0,269533500.0,Раменки,Мосфильмовская ,1к11,Ломоносовский проспект,Вишневый сад
МОСФИЛД,representative_developer,Москва,sale,flat,18,5,250.0,275000000.0,Раменки,2-й Мосфильмовский переулок,5,Ломоносовский проспект,Woods
МЕЗОН,real_estate_agent,Москва,sale,flat,4,5,238.4,286000000.0,Хамовники, Пречистенка,27,Парк Культуры,
Sminex,developer,Москва,sale,flat,22,5,247.8,288330000.0,Пресненский,,,Улица 1905 года,Лайф Тайм ЖК
Optima Development,developer,Москва,sale,flat,41,5,269.7,288579000.0,Хорошевский,Ленинградский проспект,37/2,Петровский Парк,Прайм Парк
AB Development,developer,Москва,sale,flat,9,5,190.68,295554000.0,Раменки,Мосфильмовская ,1к6,Ломоносовский проспект,Вишневый сад
Донстрой,developer,Москва,sale,flat,19,5,224.5,299932000.0,Замоскворечье,Большая Татарская ,35С7-9,Новокузнецкая,Татарская 35
Донстрой,developer,Москва,sale,flat,19,5,225.5,306003500.0,Замоскворечье,Большая Татарская ,35С7-9,Новокузнецкая,Татарская 35
Донстрой,developer,Москва,sale,flat,19,5,224.3,306393800.0,Замоскворечье,Большая Татарская ,35С7-9,Новокузнецкая,Татарская 35
Донстрой,developer,Москва,sale,flat,19,5,227.6,313632800.0,Замоскворечье,Большая Татарская ,35С7-9,Новокузнецкая,Татарская 35
МОСФИЛД,representative_developer,Москва,sale,flat,18,5,354.07,318663000.0,Раменки,2-й Мосфильмовский переулок,5,Ломоносовский проспект,Woods
Донстрой,developer,Москва,sale,flat,24,5,182.1,322134900.0,Замоскворечье,Большая Татарская ,35С7-9,Новокузнецкая,Татарская 35
FS PROPERTY,real_estate_agent,Москва,sale,flat,5,5,242.0,340305000.0,Арбат,переулок Романов,3С1,Библиотека им. Ленина,
TROIKA ESTATE,real_estate_agent,Москва,sale,flat,4,5,208.5,340305000.0,Раменки,Минская ,2Вк6,Минская,Снегири Эко
МОСФИЛД,representative_developer,Москва,sale,flat,14,5,249.2,348880000.0,Раменки,,,Поклонная,Вудс ЖК
Sminex,developer,Москва,sale,flat,22,5,232.9,374090000.0,Пресненский,,,Улица 1905 года,Лайф Тайм ЖК
Капиталъ-Недвижимость,real_estate_agent,Москва,sale,flat,7,5,300.0,382500000.0,Тверской, Большая Дмитровка,7/5С2,Театральная,Советник
Sminex,developer,Москва,sale,flat,22,5,265.6,390660000.0,Пресненский,,,Улица 1905 года,Лайф Тайм ЖК
ANT Development,developer,Москва,sale,flat,13,5,265.4,415496731.0,Дорогомилово,,3к2,Парк Победы,Виктори Парк Резиденсез ЖК
Sminex,developer,Москва,sale,flat,23,5,272.7,418310000.0,Пресненский,,,Улица 1905 года,Лайф Тайм ЖК
ANT Development,developer,Москва,sale,flat,13,5,266.4,429573037.0,Дорогомилово,,3к2,Парк Победы,Виктори Парк Резиденсез ЖК
ANT Development,developer,Москва,sale,flat,13,5,267.7,434788622.0,Дорогомилово,,3к3,Парк Победы,Виктори Парк Резиденсез ЖК
Sminex,developer,Москва,sale,flat,22,5,283.1,445920000.0,Пресненский,,,Улица 1905 года,Лайф Тайм ЖК
Sminex,developer,Москва,sale,flat,12,5,184.2,456790000.0,Хамовники,Фрунзенская набережная,30,Фрунзенская,Клубный город-парк 
Донстрой,developer,Москва,sale,flat,19,5,241.7,470589900.0,Замоскворечье,Большая Татарская ,35С7-9,Новокузнецкая,Татарская 35
Sminex,developer,Москва,sale,flat,23,5,302.3,472010000.0,Пресненский,,,Улица 1905 года,Лайф Тайм ЖК
Sminex,developer,Москва,sale,flat,23,5,298.3,472040000.0,Пресненский,,,Улица 1905 года,Лайф Тайм ЖК
Sminex,developer,Москва,sale,flat,23,5,309.7,482720000.0,Пресненский,,,Улица 1905 года,Лайф Тайм ЖК
ANT Development,developer,Москва,sale,flat,13,5,263.5,527000000.0,Дорогомилово,,3к2,Парк Победы,Виктори Парк Резиденсез ЖК
ANT Development,developer,Москва,sale,flat,13,5,275.1,550200000.0,Дорогомилово,,3к5,Парк Победы,Виктори Парк Резиденсез ЖК
ENGEO Development,developer,Москва,sale,flat,6,5,275.2,553770000.0,Тверской, Большая Дмитровка,9С5,Охотный ряд,Большая Дмитровка IX
ID 11211559,realtor,Москва,sale,flat,18,5,230.0,595000000.0,Хамовники, Усачева,15,Спортивная,Садовые кварталы
AB Development,developer,Москва,sale,flat,11,5,300.0,599840000.0,Раменки,Мосфильмовская ,1к10,Ломоносовский проспект,Вишневый сад
AB Development,developer,Москва,sale,flat,14,5,354.0,619065000.0,Раменки,Мосфильмовская ,1к11,Ломоносовский проспект,Вишневый сад
VESPER,developer,Москва,sale,flat,21,5,363.3,629417250.0,Пресненский,2-я Звенигородская ,14,Улица 1905 года,Lucky
AB Development,developer,Москва,sale,flat,11,5,352.0,704140000.0,Раменки,Мосфильмовская ,1к10,Ломоносовский проспект,Вишневый сад
AB Development,developer,Москва,sale,flat,11,5,362.0,724440000.0,Раменки,Мосфильмовская ,1к10,Ломоносовский проспект,Вишневый сад
VESPER,developer,Москва,sale,flat,21,5,387.3,760463550.0,Пресненский, Костикова,4к2,Улица 1905 года,Lucky
AB Development,developer,Москва,sale,flat,11,5,381.0,761400000.0,Раменки,Мосфильмовская ,1к10,Ломоносовский проспект,Вишневый сад
НеоСтрой,developer,Москва,sale,flat,8,5,292.0,793035956.0,Красносельский,Костянский переулок,13,Сретенский бульвар,Клубный дом TURGENEV
Sminex,developer,Москва,sale,flat,14,5,227.4,834760000.0,Якиманка,,,Полянка,Лаврушинский ЖК
FS PROPERTY,real_estate_agent,Москва,sale,flat,22,5,430.0,875070000.0,Якиманка,Якиманский переулок,6,Октябрьская,Имперский дом
Sminex,developer,Москва,sale,flat,10,5,311.6,920880000.0,Хамовники,Фрунзенская набережная,30,Фрунзенская,Клубный город-парк 
Sminex,developer,Москва,sale,flat,14,5,257.1,934290000.0,Якиманка,,,Боровицкая,Лаврушинский ЖК
ENGEO Development,developer,Москва,sale,flat,6,5,340.79,965898675.0,Тверской, Большая Дмитровка,9С1,Театральная,Большая Дмитровка IX
Sminex,developer,Москва,sale,flat,10,5,295.0,1250500000.0,Хамовники,Фрунзенская набережная,30,Фрунзенская,Клубный город-парк 
Sminex,developer,Москва,sale,flat,10,5,293.5,1254860000.0,Хамовники,Фрунзенская набережная,30,Фрунзенская,Клубный город-парк 
Sminex,developer,Москва,sale,flat,10,5,286.2,1280450000.0,Хамовники,Фрунзенская набережная,30,Фрунзенская,Клубный город-парк 
Sminex,developer,Москва,sale,flat,10,5,305.5,1296710000.0,Хамовники,Фрунзенская набережная,30,Фрунзенская,Клубный город-парк 
Sminex,developer,Москва,sale,flat,6,5,392.2,1392320000.0,Басманный,Потаповский переулок,5С4,Чистые пруды,Чистые Пруды
Sminex,developer,Москва,sale,flat,10,5,337.1,1442550000.0,Хамовники,Фрунзенская набережная,30,Фрунзенская,Клубный город-парк 
Sminex,developer,Москва,sale,flat,8,5,365.0,1733730000.0,Якиманка,,,Полянка,Лаврушинский ЖК
Sminex,developer,Москва,sale,flat,8,5,459.4,2147483647.0,Якиманка,,,Полянка,Лаврушинский ЖК
VESPER,developer,Москва,sale,flat,5,5,590.3,2361200000.0,Пресненский,Трехпрудный переулок,9С1,Маяковская,Клубный дом Левенсон
ID 13953021,homeowner,Москва,sale,flat,17,5,112.0,43000000.0,Черемушки,Новочеремушкинская ,49К1,Профсоюзная,
GRAND ESTATE - Премиальная недвижимость,real_estate_agent,Москва,sale,flat,4,5,112.6,67000000.0,Тверской,1-й Колобовский переулок,16С2,Трубная,
Apple Real Estate,real_estate_agent,Москва,sale,flat,19,5,181.0,74500000.0,Хорошевский, Викторенко,4К1,Аэропорт,
Apple Real Estate,real_estate_agent,Москва,sale,flat,22,5,165.0,75000000.0,Ломоносовский, Академика Пилюгина,22К1,Новаторская,
GRAND ESTATE - Премиальная недвижимость,real_estate_agent,Москва,sale,flat,5,5,155.0,75000000.0,Таганский,Наставнический переулок,6,Курская,
GRAND ESTATE - Премиальная недвижимость,real_estate_agent,Москва,sale,flat,6,5,150.0,74990000.0,Тверской,Краснопролетарская ,8С1,Новослободская,
ID 73728424,realtor,Москва,sale,flat,51,5,134.0,77000000.0,Раменки,Мичуринский проспект,56,Раменки,"Небо — Небоскребы на Мичуринском, 56"
SPENСER ESTATE,real_estate_agent,Москва,sale,flat,9,5,136.0,77784000.0,Дорогомилово,Студенческая ,44/28,Кутузовская,
Космополис,real_estate_agent,Москва,sale,flat,23,5,196.0,79980000.0,Гагаринский,Ломоносовский проспект,7К5,Вавиловская,
Apple Real Estate,real_estate_agent,Москва,sale,flat,16,5,174.2,82000000.0,Аэропорт,Петровско-Разумовская аллея,10К2,Петровский Парк,
Monumental Group,real_estate_agent,Москва,sale,flat,8,5,226.0,85000000.0,Красносельский,Садовая-Спасская ,19/1,Красные ворота,
Метриум Премиум Городская недвижимость,real_estate_agent,Москва,sale,flat,18,5,176.0,87000000.0,Щукино, Расплетина,14,Октябрьское поле,Новая звезда
Юрий Луизо,realtor,Москва,sale,flat,17,5,140.2,87500000.0,Сокольники,2-й Полевой переулок,2К3,Сокольники,
Apple Real Estate,real_estate_agent,Москва,sale,flat,27,5,227.0,92000000.0,Щукино, Маршала Конева,14,Октябрьское поле,"Маршала Бирюзова, 31-33"
VISTA Real Estate,real_estate_agent,Москва,sale,flat,44,5,230.0,95000000.0,Фили-Давыдково,Давыдковская ,3,Славянский бульвар,Эдельвейс
Apple Real Estate,real_estate_agent,Москва,sale,flat,6,5,148.0,107500000.0,Тверской,Долгоруковская ,29,Новослободская,
Метриум Премиум Городская недвижимость,real_estate_agent,Москва,sale,flat,26,5,356.9,110000000.0,Гагаринский, Губкина,6К1,Академическая,
SevenHillsRealty,real_estate_agent,Москва,sale,flat,57,5,218.0,120000000.0,Хорошевский,Чапаевский переулок,3,Аэропорт,Триумф-Палас
ОГРК,real_estate_agent,Москва,sale,flat,25,5,314.0,135000000.0,Покровское-Стрешнево,Сосновая аллея,1,Щукинская,Зодиак
Immo,real_estate_agent,Москва,sale,flat,9,5,191.6,139000000.0,Фили-Давыдково,Звенигородская ,8К2,Пионерская,
